User_ID,Age,Gender,Total_App_Usage_Hours,Daily_Screen_Time_Hours,Number_of_Apps_Used,Social_Media_Usage_Hours,Productivity_App_Usage_Hours,Gaming_App_Usage_Hours,Location
1.0,56.0,Male,2.61,7.15,24.0,4.43,0.55,2.4,Los Angeles
2.0,46.0,Male,2.13,13.79,18.0,4.67,4.42,2.43,Chicago
3.0,32.0,Female,7.28,4.5,11.0,4.58,1.71,2.83,Houston
4.0,25.0,Female,1.2,6.29,21.0,3.18,3.42,4.58,Phoenix
5.0,38.0,Male,6.31,12.59,14.0,3.15,0.13,4.0,New York
6.0,56.0,Female,3.31,1.04,21.0,2.02,3.45,2.26,Chicago
7.0,36.0,Male,4.81,1.52,24.0,3.76,1.58,3.59,Los Angeles
8.0,40.0,Male,9.53,8.85,11.0,2.66,0.28,2.93,Chicago
9.0,28.0,Male,11.35,12.8,9.0,3.39,3.05,2.46,Phoenix
10.0,28.0,Male,1.8,4.11,16.0,2.14,1.2,0.96,New York
11.0,41.0,Female,6.88,7.11,21.0,3.66,1.93,2.32,Chicago
12.0,53.0,Female,10.71,6.86,21.0,4.12,0.4,1.23,Phoenix
13.0,57.0,Female,1.91,7.15,4.0,0.73,0.74,4.57,Los Angeles
14.0,41.0,Male,10.07,9.09,11.0,4.16,1.49,1.68,Houston
15.0,20.0,Male,4.94,7.11,15.0,2.7,0.45,4.76,Los Angeles
16.0,39.0,Male,4.54,6.82,17.0,4.22,4.55,2.67,New York
17.0,19.0,Female,11.75,7.17,5.0,2.16,0.03,3.16,Los Angeles
18.0,41.0,Male,3.21,8.68,13.0,1.9,2.42,2.71,Los Angeles
19.0,47.0,Female,8.63,7.98,23.0,4.58,0.62,0.65,Los Angeles
20.0,55.0,Female,10.04,12.1,16.0,1.26,1.54,1.88,Los Angeles
21.0,19.0,Female,1.45,1.64,27.0,4.22,4.63,0.5,New York
22.0,38.0,Female,8.37,11.83,10.0,2.42,0.81,3.11,Phoenix
23.0,50.0,Female,11.47,11.97,20.0,2.57,4.83,2.23,Chicago
24.0,29.0,Female,2.37,4.7,21.0,1.54,1.03,3.89,Houston
25.0,39.0,Male,10.86,7.02,18.0,2.87,3.71,1.1,Chicago
26.0,42.0,Male,7.54,6.7,4.0,1.63,2.73,0.82,Chicago
27.0,44.0,Female,7.78,3.84,10.0,0.2,4.42,2.03,Houston
28.0,59.0,Female,7.74,6.16,24.0,1.36,2.77,4.63,New York
29.0,45.0,Male,4.29,1.58,8.0,0.03,2.67,3.55,Houston
30.0,33.0,Female,11.29,4.61,14.0,4.89,0.98,2.09,New York
31.0,32.0,Female,11.42,11.62,17.0,4.83,0.83,2.59,Chicago
32.0,20.0,Male,7.88,4.7,27.0,1.98,4.58,0.42,New York
33.0,54.0,Female,9.62,11.64,10.0,3.64,1.64,4.92,Phoenix
34.0,24.0,Female,7.73,7.91,6.0,1.73,1.86,3.33,Houston
35.0,38.0,Female,6.33,12.44,17.0,3.36,3.8,1.43,Phoenix
36.0,26.0,Male,8.27,8.47,22.0,4.03,1.69,2.93,Chicago
37.0,56.0,Male,7.08,1.39,27.0,4.73,4.76,0.55,Houston
38.0,35.0,Male,7.57,9.78,19.0,2.0,3.69,4.83,Chicago
39.0,21.0,Female,9.62,1.58,15.0,3.92,2.99,0.87,Phoenix
40.0,42.0,Female,6.29,6.86,20.0,1.33,4.4,3.24,Chicago
41.0,31.0,Male,1.45,13.08,4.0,4.95,0.25,1.23,Houston
42.0,26.0,Female,2.8,3.15,15.0,0.13,1.29,3.59,Houston
43.0,43.0,Female,5.82,6.07,15.0,3.02,2.33,3.88,Chicago
44.0,19.0,Female,8.97,10.49,24.0,3.3,1.13,3.37,Houston
45.0,37.0,Female,7.53,12.47,17.0,3.44,3.72,3.07,Houston
46.0,45.0,Female,8.15,9.72,22.0,0.6,4.6,4.46,Chicago
47.0,24.0,Male,6.27,4.36,29.0,4.69,2.12,0.39,Phoenix
48.0,25.0,Female,7.77,9.77,12.0,0.91,1.71,1.65,Houston
49.0,52.0,Male,4.62,4.86,5.0,3.11,4.81,1.24,Houston
50.0,31.0,Female,6.17,10.34,21.0,1.11,2.22,4.94,Houston
51.0,34.0,Male,9.19,13.4,5.0,1.54,2.45,1.95,Houston
52.0,53.0,Female,10.59,10.38,24.0,2.73,1.76,3.66,Chicago
53.0,57.0,Male,5.77,12.22,16.0,2.09,4.55,3.42,Phoenix
54.0,21.0,Female,1.48,1.03,10.0,0.8,2.84,1.06,Phoenix
55.0,19.0,Male,2.78,10.33,29.0,0.85,3.81,1.19,New York
56.0,23.0,Female,1.23,11.78,25.0,2.09,4.06,1.41,Houston
57.0,59.0,Male,8.19,1.53,6.0,3.79,1.71,2.06,Houston
58.0,21.0,Female,4.66,12.33,29.0,4.49,2.17,1.17,New York
59.0,46.0,Male,6.97,4.34,22.0,0.42,4.24,0.1,Phoenix
60.0,35.0,Male,6.43,9.65,13.0,1.97,1.82,4.4,Los Angeles
61.0,43.0,Female,1.9,11.4,28.0,0.5,3.97,4.83,Los Angeles
62.0,51.0,Female,5.44,9.61,13.0,0.08,4.7,1.71,Phoenix
63.0,27.0,Male,3.43,2.2,29.0,3.31,3.12,1.69,Houston
64.0,53.0,Female,5.6,8.75,13.0,3.01,3.71,0.04,Los Angeles
65.0,31.0,Male,3.24,8.14,4.0,0.82,4.03,3.4,Chicago
66.0,48.0,Male,10.24,12.7,19.0,1.17,4.23,4.13,Chicago
67.0,32.0,Male,2.92,6.26,11.0,0.12,1.98,0.73,New York
68.0,25.0,Female,11.57,5.17,4.0,4.17,0.26,0.8,Phoenix
69.0,31.0,Male,5.57,10.75,26.0,4.87,2.01,3.95,Phoenix
70.0,40.0,Male,10.31,6.36,17.0,0.68,3.37,3.08,Los Angeles
71.0,57.0,Female,7.92,9.4,18.0,1.16,2.25,0.22,Houston
72.0,38.0,Female,9.09,9.4,27.0,4.34,3.74,3.11,Phoenix
73.0,33.0,Female,9.44,12.54,6.0,4.63,1.78,1.54,Los Angeles
74.0,35.0,Female,6.55,8.78,10.0,2.1,3.17,1.84,Los Angeles
75.0,41.0,Male,6.98,7.53,11.0,0.25,0.93,3.85,Phoenix
76.0,43.0,Male,6.65,2.81,28.0,0.2,3.75,4.05,Los Angeles
77.0,42.0,Male,7.47,2.5,28.0,2.87,2.73,2.0,New York
78.0,58.0,Male,1.32,3.01,7.0,1.96,1.02,4.74,New York
79.0,46.0,Female,5.35,3.23,18.0,0.14,1.46,2.03,Phoenix
80.0,32.0,Male,7.67,9.29,15.0,2.92,3.74,3.86,Houston
81.0,18.0,Male,7.57,10.63,9.0,0.06,2.41,2.42,New York
82.0,42.0,Female,9.72,7.89,28.0,3.94,1.08,4.49,New York
83.0,24.0,Male,8.21,11.78,22.0,1.53,4.84,4.54,Phoenix
84.0,26.0,Male,11.91,13.89,19.0,0.2,3.58,0.44,Chicago
85.0,41.0,Male,4.12,11.66,5.0,2.94,4.79,4.68,Los Angeles
86.0,18.0,Male,4.95,10.03,7.0,1.99,2.14,4.13,New York
87.0,25.0,Male,5.22,7.92,21.0,4.87,2.38,3.96,Chicago
88.0,41.0,Male,6.12,6.84,14.0,2.72,4.49,1.0,Houston
89.0,28.0,Female,10.2,2.1,29.0,1.38,2.63,4.03,Chicago
90.0,34.0,Female,3.59,6.19,9.0,3.55,3.54,4.25,Phoenix
91.0,25.0,Male,9.54,12.83,11.0,1.36,1.26,1.45,Houston
92.0,52.0,Male,5.46,11.5,8.0,4.52,2.23,4.76,Houston
93.0,52.0,Female,7.62,3.81,28.0,1.87,0.62,0.25,Chicago
94.0,50.0,Male,7.96,7.07,19.0,2.75,1.03,0.75,Phoenix
95.0,22.0,Male,5.1,11.62,18.0,0.25,0.0,2.69,New York
96.0,59.0,Male,6.64,1.88,25.0,2.13,0.2,2.88,Chicago
97.0,56.0,Female,5.54,6.04,5.0,4.16,4.89,3.23,New York
98.0,58.0,Male,1.76,12.07,23.0,4.03,1.21,0.08,Chicago
99.0,45.0,Female,5.81,6.25,28.0,1.12,3.32,4.8,New York
100.0,24.0,Male,2.07,2.01,6.0,1.13,4.2,0.22,Chicago
101.0,26.0,Female,5.46,8.05,12.0,4.09,2.75,0.72,Houston
102.0,25.0,Female,7.52,12.2,7.0,4.65,0.77,0.07,Los Angeles
103.0,29.0,Male,7.37,8.67,23.0,0.48,3.64,2.83,Houston
104.0,51.0,Female,8.29,3.94,24.0,2.25,3.0,4.66,New York
105.0,50.0,Male,2.05,6.0,12.0,1.69,3.66,3.33,Phoenix
106.0,40.0,Female,8.17,6.85,14.0,4.35,3.85,4.11,Houston
107.0,41.0,Male,4.43,8.53,12.0,0.42,4.88,0.07,Los Angeles
108.0,54.0,Male,5.39,10.87,15.0,1.06,2.87,2.71,New York
109.0,52.0,Female,10.44,2.29,13.0,3.76,1.71,2.3,Houston
110.0,57.0,Male,1.1,12.57,24.0,0.26,3.24,2.49,Chicago
111.0,39.0,Male,7.47,1.16,18.0,2.46,0.34,0.36,Phoenix
112.0,44.0,Female,7.59,5.81,10.0,2.21,4.49,3.42,New York
113.0,52.0,Male,5.36,1.36,10.0,1.67,0.6,2.52,Houston
114.0,18.0,Male,3.61,6.11,29.0,1.97,1.64,3.83,New York
115.0,52.0,Female,3.58,7.84,27.0,2.65,4.08,2.43,Chicago
116.0,54.0,Female,10.72,7.65,10.0,0.81,2.99,0.75,Los Angeles
117.0,31.0,Male,5.86,3.15,15.0,2.86,1.97,3.24,Houston
118.0,20.0,Male,4.64,9.39,29.0,4.03,2.37,0.86,New York
119.0,18.0,Female,5.94,1.58,4.0,3.8,4.27,4.36,New York
120.0,22.0,Female,8.36,10.9,14.0,0.77,1.7,3.07,New York
121.0,43.0,Male,2.6,13.31,12.0,0.75,4.35,0.79,Los Angeles
122.0,31.0,Female,5.94,5.42,14.0,1.34,0.44,4.81,New York
123.0,56.0,Male,7.47,7.72,13.0,1.81,3.88,2.59,Phoenix
124.0,44.0,Male,11.43,5.93,17.0,2.04,4.24,0.36,Phoenix
125.0,26.0,Male,3.78,1.09,18.0,3.4,0.91,3.13,New York
126.0,32.0,Male,4.95,6.02,19.0,0.28,2.15,1.27,Phoenix
127.0,32.0,Male,5.17,11.29,28.0,0.17,0.83,4.02,Houston
128.0,43.0,Female,7.66,8.75,4.0,1.96,3.53,4.09,Phoenix
129.0,59.0,Female,4.92,2.32,20.0,3.49,2.68,4.89,New York
130.0,30.0,Female,6.87,12.01,14.0,0.97,3.18,2.51,Chicago
131.0,49.0,Female,9.6,7.9,21.0,3.21,0.98,2.27,Houston
132.0,56.0,Male,8.76,11.94,28.0,1.3,1.06,3.77,Los Angeles
133.0,49.0,Male,5.91,8.54,25.0,4.43,0.21,0.66,New York
134.0,21.0,Male,10.51,8.28,20.0,4.48,1.61,2.73,Los Angeles
135.0,47.0,Male,7.14,2.37,19.0,1.49,2.8,2.73,Chicago
136.0,54.0,Female,6.94,3.18,8.0,1.15,4.29,0.45,Los Angeles
137.0,40.0,Male,1.38,13.64,27.0,2.06,3.33,2.09,New York
138.0,56.0,Male,11.85,3.97,17.0,1.2,2.18,4.27,New York
139.0,32.0,Female,2.35,13.71,5.0,3.36,4.77,4.28,Chicago
140.0,46.0,Female,3.54,7.91,8.0,4.13,3.6,0.5,New York
141.0,53.0,Female,1.57,2.77,5.0,3.37,4.65,0.45,Chicago
142.0,30.0,Female,8.04,2.29,3.0,4.12,2.64,1.31,Chicago
143.0,49.0,Male,3.47,3.72,15.0,1.98,1.29,4.37,New York
144.0,24.0,Male,2.98,13.03,23.0,0.78,0.26,0.64,Phoenix
145.0,39.0,Female,1.97,6.38,28.0,3.69,3.63,3.6,Chicago
146.0,45.0,Male,2.14,6.14,16.0,1.8,0.61,0.51,New York
147.0,19.0,Male,7.43,5.07,15.0,3.36,1.51,3.12,Phoenix
148.0,59.0,Male,8.57,2.91,29.0,1.35,2.66,1.78,Chicago
149.0,23.0,Female,5.37,7.34,6.0,0.41,2.82,3.94,Phoenix
150.0,45.0,Male,6.28,2.69,9.0,4.96,3.0,1.17,Houston
151.0,45.0,Female,8.55,11.86,24.0,0.78,0.83,3.2,Houston
152.0,37.0,Male,1.19,5.82,12.0,4.94,1.9,1.18,Phoenix
153.0,47.0,Male,4.55,5.87,9.0,4.89,3.09,3.57,Chicago
154.0,28.0,Male,11.7,7.16,23.0,3.97,4.85,4.37,New York
155.0,45.0,Female,7.38,6.77,17.0,3.3,3.64,0.63,Los Angeles
156.0,42.0,Male,3.8,13.93,17.0,2.89,4.61,4.33,New York
157.0,56.0,Female,6.74,8.09,6.0,4.33,3.81,2.97,Los Angeles
158.0,50.0,Female,4.77,2.15,25.0,1.45,2.96,0.64,Los Angeles
159.0,18.0,Female,6.85,8.89,25.0,2.34,0.96,2.14,Chicago
160.0,44.0,Male,2.38,2.97,8.0,3.1,3.33,0.8,Phoenix
161.0,30.0,Male,2.46,1.4,26.0,2.06,3.12,3.5,New York
162.0,58.0,Male,2.58,13.62,22.0,2.14,3.01,3.79,Phoenix
163.0,20.0,Male,11.34,11.06,28.0,1.65,2.45,0.53,Houston
164.0,56.0,Female,9.06,13.74,7.0,2.82,2.64,2.53,Chicago
165.0,23.0,Female,2.79,7.21,22.0,4.25,1.67,4.07,Chicago
166.0,25.0,Female,3.07,7.92,14.0,1.01,2.6,4.68,Houston
167.0,44.0,Male,9.04,3.19,3.0,4.67,0.99,2.57,New York
168.0,26.0,Female,2.72,4.21,10.0,3.45,4.03,4.75,Houston
169.0,54.0,Male,3.58,11.9,3.0,4.12,0.93,2.68,New York
170.0,50.0,Female,11.6,5.63,7.0,2.78,0.42,1.97,Los Angeles
171.0,59.0,Male,3.81,11.75,24.0,3.9,2.18,4.24,Chicago
172.0,41.0,Male,8.28,10.22,8.0,0.08,3.29,2.46,New York
173.0,32.0,Female,11.76,3.3,23.0,4.09,2.19,2.36,Phoenix
174.0,49.0,Female,5.12,7.6,5.0,0.2,1.38,2.45,Phoenix
175.0,49.0,Female,1.19,9.81,17.0,4.45,2.79,4.23,Chicago
176.0,41.0,Female,3.69,4.06,7.0,4.96,1.74,4.16,Houston
177.0,58.0,Male,10.14,11.8,26.0,1.47,4.66,2.02,Houston
178.0,29.0,Female,10.51,8.08,16.0,1.05,4.61,1.67,New York
179.0,56.0,Female,9.45,3.15,20.0,3.83,2.51,2.46,Houston
180.0,19.0,Female,2.24,8.58,18.0,1.27,1.64,2.86,Chicago
181.0,20.0,Male,9.75,14.0,8.0,4.33,3.69,1.19,New York
182.0,54.0,Male,11.11,2.96,27.0,0.51,0.18,3.97,Los Angeles
183.0,34.0,Female,7.61,11.62,26.0,0.63,2.37,2.43,Houston
184.0,19.0,Male,11.35,3.7,16.0,4.9,1.68,1.67,Houston
185.0,19.0,Female,10.1,11.17,29.0,3.37,4.6,0.53,New York
186.0,45.0,Male,8.34,10.55,26.0,4.23,0.06,1.19,Phoenix
187.0,40.0,Male,7.35,4.91,10.0,1.62,2.76,4.75,Houston
188.0,54.0,Male,4.83,5.24,9.0,3.38,3.7,1.53,Chicago
189.0,49.0,Male,2.75,11.3,10.0,2.97,2.43,0.84,Houston
190.0,50.0,Female,7.65,7.0,15.0,3.02,0.43,2.3,Los Angeles
191.0,18.0,Female,4.5,10.5,8.0,3.41,4.86,1.54,Houston
192.0,36.0,Female,10.53,2.92,20.0,2.88,2.59,0.18,Phoenix
193.0,19.0,Male,11.93,12.08,4.0,2.15,3.07,1.62,Houston
194.0,43.0,Female,9.28,10.24,10.0,1.38,1.18,2.72,New York
195.0,49.0,Female,2.0,12.79,13.0,3.84,2.42,2.76,Houston
196.0,23.0,Female,4.18,2.72,3.0,1.13,2.15,1.78,Phoenix
197.0,49.0,Male,2.2,8.71,24.0,3.46,0.37,2.24,New York
198.0,21.0,Male,8.16,8.79,8.0,1.17,0.53,4.83,Chicago
199.0,28.0,Male,9.42,5.59,18.0,3.13,4.19,1.89,New York
200.0,34.0,Female,11.18,6.96,29.0,3.74,1.2,1.29,Los Angeles
201.0,55.0,Female,5.82,1.49,22.0,1.09,0.97,1.22,New York
202.0,41.0,Female,10.92,10.7,14.0,0.3,2.52,2.29,Chicago
203.0,22.0,Male,10.66,8.14,13.0,0.65,3.84,3.8,Houston
204.0,51.0,Male,4.49,1.75,29.0,3.03,0.31,1.03,New York
205.0,23.0,Female,10.56,9.85,12.0,4.25,2.88,3.55,New York
206.0,39.0,Male,5.13,7.07,5.0,0.22,0.6,0.11,New York
207.0,28.0,Male,4.27,1.45,15.0,3.67,0.18,2.09,New York
208.0,33.0,Male,8.14,13.6,29.0,1.71,0.26,3.88,Chicago
209.0,50.0,Male,4.61,13.34,5.0,2.39,4.17,1.69,Phoenix
210.0,26.0,Female,7.93,7.67,17.0,4.64,0.59,2.82,Phoenix
211.0,23.0,Male,7.71,2.22,18.0,1.66,0.23,1.02,New York
212.0,33.0,Male,7.2,10.81,15.0,2.33,2.19,3.71,Chicago
213.0,46.0,Male,5.18,7.4,19.0,0.07,4.22,0.26,Chicago
214.0,20.0,Male,7.03,4.93,5.0,0.41,1.31,4.26,New York
215.0,37.0,Female,7.56,7.39,22.0,1.29,2.11,0.99,Los Angeles
216.0,53.0,Female,7.0,7.79,13.0,0.14,0.2,4.37,New York
217.0,36.0,Male,5.89,8.32,29.0,3.16,2.25,1.76,Los Angeles
218.0,43.0,Male,1.16,6.74,23.0,2.13,2.89,3.61,New York
219.0,20.0,Male,7.46,8.87,21.0,2.74,2.85,1.6,Los Angeles
220.0,36.0,Male,2.85,12.94,24.0,0.87,1.66,4.53,Los Angeles
221.0,37.0,Male,8.07,5.71,13.0,1.48,1.58,0.63,New York
222.0,49.0,Male,9.35,10.43,18.0,3.32,0.53,0.89,Los Angeles
223.0,24.0,Female,6.5,12.63,23.0,4.83,1.83,2.47,Houston
224.0,58.0,Male,6.97,6.93,5.0,0.25,0.5,0.41,Phoenix
225.0,50.0,Female,11.47,6.76,24.0,4.45,3.83,0.98,Chicago
226.0,57.0,Female,10.32,8.83,8.0,2.88,4.83,4.72,Los Angeles
227.0,56.0,Male,11.06,8.69,16.0,2.82,4.85,4.88,Los Angeles
228.0,35.0,Female,9.95,11.49,26.0,2.5,4.33,1.88,Chicago
229.0,57.0,Female,2.2,7.19,20.0,0.35,3.0,4.62,Los Angeles
230.0,18.0,Female,2.64,13.95,19.0,0.45,3.5,2.72,Chicago
231.0,28.0,Female,6.79,1.77,6.0,3.0,1.43,1.35,New York
232.0,45.0,Female,3.71,1.04,25.0,1.7,3.15,3.51,Houston
233.0,42.0,Female,6.24,9.32,17.0,4.59,2.28,3.29,Houston
234.0,40.0,Male,5.34,4.88,13.0,2.03,2.41,4.95,Phoenix
235.0,48.0,Female,7.04,4.12,28.0,0.72,3.79,1.33,Los Angeles
236.0,47.0,Female,9.22,5.05,5.0,3.57,1.41,3.36,Phoenix
237.0,59.0,Female,8.87,4.33,5.0,1.47,1.59,0.26,New York
238.0,52.0,Male,6.73,1.4,18.0,2.63,4.62,0.57,Houston
239.0,24.0,Female,10.05,13.63,7.0,3.49,0.28,0.02,New York
240.0,33.0,Male,5.74,3.87,23.0,4.5,2.43,5.0,New York
241.0,43.0,Female,10.86,10.54,12.0,3.96,4.56,4.01,Los Angeles
242.0,19.0,Male,1.78,10.91,21.0,3.38,3.05,3.93,New York
243.0,18.0,Male,11.5,13.08,27.0,3.4,2.73,2.55,Houston
244.0,29.0,Female,8.2,1.4,6.0,4.73,1.25,1.5,Phoenix
245.0,22.0,Female,5.18,12.34,21.0,1.48,1.72,0.76,Houston
246.0,54.0,Male,3.17,7.85,13.0,0.01,4.26,1.42,Los Angeles
247.0,49.0,Female,6.27,9.22,4.0,1.36,2.8,1.88,Houston
248.0,26.0,Male,3.14,9.38,12.0,1.09,2.57,3.78,Chicago
249.0,58.0,Male,2.83,11.66,13.0,3.31,0.5,2.7,Phoenix
250.0,52.0,Male,7.79,5.33,27.0,3.17,0.08,0.39,Chicago
251.0,36.0,Male,6.75,10.53,22.0,2.97,4.82,0.09,Chicago
252.0,33.0,Male,8.37,7.87,18.0,0.08,1.88,0.51,Los Angeles
253.0,20.0,Female,11.23,11.31,21.0,3.64,3.02,2.05,New York
254.0,37.0,Male,6.85,13.88,25.0,1.62,0.4,4.67,Chicago
255.0,41.0,Male,7.39,3.61,26.0,3.33,3.42,3.19,Houston
256.0,50.0,Female,1.99,13.93,13.0,2.78,4.66,4.01,New York
257.0,41.0,Male,8.89,2.17,16.0,1.71,2.88,2.33,Houston
258.0,28.0,Female,5.4,1.03,4.0,0.67,0.63,1.81,Houston
259.0,25.0,Female,11.74,1.57,25.0,0.47,2.91,0.54,New York
260.0,53.0,Female,10.05,5.44,7.0,4.16,3.83,4.38,New York
261.0,55.0,Male,6.75,9.23,29.0,4.59,2.03,3.92,Houston
262.0,57.0,Male,2.36,1.9,7.0,3.25,4.4,0.84,Los Angeles
263.0,37.0,Male,10.45,1.07,21.0,0.52,3.24,2.56,Phoenix
264.0,52.0,Female,9.8,13.18,23.0,2.01,4.5,2.44,Phoenix
265.0,42.0,Male,3.03,11.69,14.0,3.64,3.12,3.13,Los Angeles
266.0,52.0,Female,4.25,11.52,20.0,3.9,0.66,4.73,New York
267.0,42.0,Male,9.73,12.5,6.0,0.59,1.55,2.9,Houston
268.0,46.0,Female,3.04,10.1,24.0,0.0,1.01,2.7,Phoenix
269.0,35.0,Male,11.1,2.36,19.0,3.56,4.54,0.25,Houston
270.0,35.0,Male,5.67,6.19,12.0,1.78,3.8,0.31,Los Angeles
271.0,19.0,Male,1.96,10.4,22.0,1.27,3.38,0.94,Houston
272.0,52.0,Female,9.97,4.64,8.0,0.06,1.5,0.16,Los Angeles
273.0,33.0,Female,5.11,9.94,27.0,2.7,0.92,3.72,New York
274.0,58.0,Male,6.79,1.32,16.0,4.26,3.78,3.62,Los Angeles
275.0,53.0,Male,2.24,4.98,13.0,4.79,2.37,0.68,Los Angeles
276.0,50.0,Female,1.03,8.14,13.0,2.83,1.13,4.18,Phoenix
277.0,21.0,Female,8.02,9.22,20.0,2.57,3.08,0.77,Houston
278.0,50.0,Female,6.67,8.5,29.0,0.43,0.2,1.51,Phoenix
279.0,31.0,Male,7.53,10.07,25.0,2.74,1.63,1.24,Chicago
280.0,38.0,Female,9.73,1.08,24.0,1.9,2.34,1.86,Los Angeles
281.0,37.0,Male,8.11,2.31,20.0,3.04,0.74,1.27,Chicago
282.0,25.0,Female,2.92,12.3,26.0,1.94,4.92,2.44,Phoenix
283.0,24.0,Male,4.97,9.86,25.0,1.2,1.05,2.04,Houston
284.0,20.0,Female,10.96,2.47,13.0,0.47,0.65,4.93,Phoenix
285.0,34.0,Female,9.47,11.95,23.0,1.57,1.02,0.28,Houston
286.0,50.0,Female,7.12,4.15,14.0,0.48,3.85,0.71,Houston
287.0,29.0,Female,3.81,7.22,7.0,0.88,2.13,0.26,New York
288.0,39.0,Female,4.32,2.89,25.0,4.94,2.83,3.13,Los Angeles
289.0,39.0,Male,9.05,10.23,11.0,2.22,0.11,0.27,Phoenix
290.0,47.0,Female,10.36,9.67,29.0,2.66,0.17,4.18,Houston
291.0,55.0,Female,8.39,3.74,27.0,4.37,2.23,2.56,Phoenix
292.0,55.0,Female,9.9,12.22,11.0,4.98,4.08,2.64,Phoenix
293.0,25.0,Male,9.43,6.22,24.0,2.91,4.43,2.81,Houston
294.0,44.0,Female,2.65,4.8,12.0,4.06,0.43,0.85,Chicago
295.0,44.0,Male,5.66,2.98,24.0,1.63,2.69,0.99,Los Angeles
296.0,51.0,Female,2.68,4.46,21.0,1.53,4.57,1.59,Los Angeles
297.0,38.0,Female,3.59,1.29,3.0,2.01,1.94,2.97,New York
298.0,47.0,Male,10.56,8.58,9.0,3.36,4.15,1.05,New York
299.0,50.0,Female,6.2,11.95,6.0,3.41,0.67,0.58,New York
300.0,45.0,Male,6.89,8.14,3.0,1.58,4.68,4.85,Los Angeles
301.0,50.0,Male,2.96,3.85,17.0,0.67,3.76,0.11,Chicago
302.0,22.0,Female,4.43,1.44,10.0,3.16,4.71,4.01,Los Angeles
303.0,36.0,Male,3.53,3.79,14.0,0.64,3.38,3.94,Los Angeles
304.0,21.0,Female,3.27,6.41,24.0,2.89,1.82,1.49,Los Angeles
305.0,52.0,Female,8.02,10.87,24.0,3.47,4.69,0.68,Los Angeles
306.0,34.0,Male,3.83,3.44,20.0,3.5,1.38,0.73,Chicago
307.0,45.0,Male,7.95,10.36,17.0,3.77,1.66,3.49,New York
308.0,47.0,Male,1.64,12.27,19.0,4.36,3.5,3.21,Phoenix
309.0,46.0,Male,2.56,6.9,16.0,2.5,3.83,3.91,New York
310.0,23.0,Female,4.02,11.68,16.0,3.65,4.65,4.69,New York
311.0,52.0,Female,7.57,8.21,20.0,3.1,1.02,3.46,Phoenix
312.0,58.0,Male,8.43,9.28,22.0,0.93,3.99,0.78,Los Angeles
313.0,54.0,Female,5.87,7.84,20.0,0.13,3.69,1.22,Chicago
314.0,41.0,Female,5.9,7.02,18.0,1.42,0.32,4.21,Chicago
315.0,46.0,Female,8.97,4.05,3.0,2.22,1.94,1.05,New York
316.0,48.0,Female,1.17,4.94,25.0,3.09,1.41,0.36,Phoenix
317.0,52.0,Male,4.75,4.77,29.0,4.25,1.52,3.52,Houston
318.0,50.0,Male,10.01,8.32,13.0,0.98,4.91,2.01,Los Angeles
319.0,38.0,Female,7.64,2.56,17.0,0.63,3.21,4.6,New York
320.0,49.0,Male,4.71,12.92,14.0,4.82,3.59,3.25,Chicago
321.0,40.0,Male,10.96,10.37,10.0,0.54,4.88,0.45,Phoenix
322.0,50.0,Male,9.5,6.22,24.0,2.39,1.89,4.74,Phoenix
323.0,20.0,Female,3.91,3.06,22.0,2.93,4.01,1.29,New York
324.0,35.0,Female,8.1,12.47,8.0,2.71,2.17,1.69,Houston
325.0,42.0,Female,7.55,11.71,5.0,0.43,4.35,2.01,Chicago
326.0,59.0,Male,5.41,10.38,26.0,0.29,0.9,0.26,New York
327.0,48.0,Female,5.04,4.53,28.0,0.53,4.74,2.48,Houston
328.0,20.0,Female,4.78,6.23,15.0,2.93,1.09,0.62,Phoenix
329.0,57.0,Male,7.79,2.34,15.0,2.72,1.63,2.0,Los Angeles
330.0,41.0,Female,5.87,3.46,4.0,1.17,3.78,1.75,Chicago
331.0,49.0,Female,10.15,11.18,7.0,3.19,1.97,3.86,Chicago
332.0,39.0,Male,8.37,10.3,19.0,4.1,3.04,4.02,Houston
333.0,40.0,Male,1.77,8.72,8.0,0.21,2.22,0.77,New York
334.0,19.0,Male,8.04,12.64,4.0,2.49,3.71,1.83,Phoenix
335.0,44.0,Female,3.98,8.58,6.0,3.45,1.14,1.87,Houston
336.0,59.0,Female,7.52,7.07,24.0,1.26,0.29,0.76,Los Angeles
337.0,19.0,Female,8.48,5.42,28.0,1.54,1.5,3.99,Los Angeles
338.0,43.0,Male,3.54,13.23,13.0,3.07,2.37,3.54,Los Angeles
339.0,34.0,Male,6.03,2.08,10.0,4.49,0.84,0.95,Houston
340.0,57.0,Female,3.09,13.1,14.0,4.05,1.77,1.83,Phoenix
341.0,50.0,Female,1.58,11.75,10.0,2.92,2.0,0.53,Chicago
342.0,26.0,Male,5.16,2.69,13.0,3.65,0.29,3.14,New York
343.0,56.0,Male,4.99,8.34,24.0,1.82,2.92,0.61,Chicago
344.0,46.0,Male,11.95,12.27,22.0,3.2,4.42,4.93,Phoenix
345.0,59.0,Male,5.91,8.43,10.0,2.33,0.76,3.9,Chicago
346.0,43.0,Female,4.67,12.79,10.0,0.95,2.99,1.95,Houston
347.0,52.0,Male,7.39,13.26,28.0,3.51,3.32,2.89,Los Angeles
348.0,42.0,Female,1.98,6.49,19.0,2.78,2.1,4.56,Phoenix
349.0,41.0,Female,11.58,5.91,22.0,1.79,3.51,2.77,Phoenix
350.0,30.0,Female,7.98,13.17,22.0,4.56,2.05,0.87,Chicago
351.0,24.0,Male,9.3,9.78,25.0,0.1,2.52,1.89,Houston
352.0,53.0,Male,2.88,2.51,18.0,1.58,0.04,4.22,Chicago
353.0,37.0,Male,5.5,1.55,16.0,0.28,3.46,3.22,Chicago
354.0,18.0,Male,5.65,8.34,13.0,3.83,3.31,3.25,Phoenix
355.0,25.0,Female,10.04,13.09,9.0,3.51,0.19,4.33,Chicago
356.0,33.0,Male,1.01,11.98,18.0,1.66,1.84,4.47,Los Angeles
357.0,31.0,Male,4.31,9.79,15.0,3.38,4.9,4.6,Chicago
358.0,29.0,Female,11.79,2.81,29.0,1.98,2.1,0.47,Los Angeles
359.0,40.0,Male,6.22,4.31,17.0,3.78,2.51,2.72,Phoenix
360.0,32.0,Female,5.21,12.38,26.0,2.27,4.55,3.7,Houston
361.0,45.0,Female,2.32,3.38,18.0,2.06,3.59,3.78,Los Angeles
362.0,51.0,Female,11.72,4.62,29.0,4.67,2.91,3.03,Houston
363.0,19.0,Female,1.22,2.68,23.0,1.25,3.99,0.83,Houston
364.0,49.0,Female,9.11,9.79,25.0,0.6,4.32,3.99,Los Angeles
365.0,40.0,Female,9.45,13.27,26.0,2.92,2.28,3.6,Phoenix
366.0,39.0,Female,3.68,4.5,11.0,4.85,2.38,0.43,New York
367.0,42.0,Female,8.39,7.18,5.0,1.89,1.93,2.32,Houston
368.0,39.0,Male,2.02,9.25,21.0,0.31,4.83,0.87,Houston
369.0,39.0,Male,3.83,13.99,22.0,1.7,3.49,1.69,Phoenix
370.0,59.0,Male,9.67,2.36,7.0,2.53,0.42,0.09,Phoenix
371.0,23.0,Male,10.51,7.48,12.0,0.81,4.31,2.0,Chicago
372.0,32.0,Female,7.69,6.01,19.0,3.29,2.4,2.75,Phoenix
373.0,54.0,Male,6.58,12.26,17.0,4.99,0.34,3.1,Houston
374.0,50.0,Female,2.75,7.19,25.0,2.26,2.75,3.32,Los Angeles
375.0,25.0,Male,1.69,2.44,27.0,1.77,2.09,4.18,New York
376.0,22.0,Male,2.29,9.25,10.0,2.0,4.39,1.08,Chicago
377.0,56.0,Male,3.5,11.02,17.0,0.58,1.02,0.6,Los Angeles
378.0,21.0,Female,4.76,1.04,23.0,4.42,4.13,4.26,New York
379.0,23.0,Male,5.19,12.17,16.0,2.07,2.79,0.78,New York
380.0,49.0,Female,4.81,3.42,22.0,1.94,0.27,4.87,New York
381.0,47.0,Female,3.63,8.18,9.0,3.3,4.86,4.21,Los Angeles
382.0,52.0,Male,6.61,6.41,23.0,2.21,2.56,2.5,Chicago
383.0,57.0,Male,10.08,10.36,25.0,3.24,1.45,4.91,Chicago
384.0,33.0,Male,4.08,5.83,14.0,0.31,2.35,0.49,New York
385.0,30.0,Female,11.37,12.31,19.0,4.07,4.29,1.52,Los Angeles
386.0,59.0,Male,10.61,10.5,19.0,4.7,1.52,3.19,New York
387.0,47.0,Female,2.78,9.42,12.0,3.24,0.96,1.75,Phoenix
388.0,36.0,Female,9.65,11.35,21.0,4.77,0.65,4.64,Chicago
389.0,34.0,Male,7.32,10.8,16.0,0.76,1.49,0.33,Houston
390.0,36.0,Male,7.23,1.47,13.0,2.39,3.9,2.75,New York
391.0,45.0,Female,5.3,6.13,4.0,3.01,2.36,2.95,Phoenix
392.0,43.0,Female,6.51,13.1,20.0,2.91,1.14,3.26,Chicago
393.0,54.0,Female,5.37,2.63,9.0,2.01,0.83,1.28,Los Angeles
394.0,43.0,Male,6.94,10.58,14.0,1.69,1.66,1.82,Chicago
395.0,40.0,Female,7.91,13.67,28.0,0.63,4.7,4.22,Los Angeles
396.0,26.0,Male,8.42,1.68,4.0,1.96,1.72,0.97,Los Angeles
397.0,29.0,Female,6.86,9.87,29.0,0.81,4.94,4.13,New York
398.0,18.0,Female,8.94,7.09,22.0,3.67,2.43,2.81,New York
399.0,18.0,Male,2.55,8.53,20.0,1.04,0.9,3.81,Chicago
400.0,51.0,Female,3.33,2.11,8.0,0.29,4.46,3.57,Phoenix
401.0,49.0,Male,10.01,1.56,26.0,2.76,2.3,1.04,Chicago
402.0,42.0,Male,4.55,9.67,12.0,2.98,3.55,2.84,Houston
403.0,57.0,Female,1.25,11.7,22.0,4.36,4.92,4.34,Los Angeles
404.0,18.0,Male,2.69,11.17,17.0,2.88,0.25,2.16,Los Angeles
405.0,33.0,Male,3.46,8.07,7.0,1.73,0.48,4.83,New York
406.0,56.0,Female,11.53,2.3,22.0,4.02,3.6,2.26,Phoenix
407.0,22.0,Male,7.3,9.94,5.0,2.7,1.41,0.71,New York
408.0,39.0,Male,11.26,4.14,7.0,0.4,0.92,1.95,Houston
409.0,46.0,Male,7.33,12.84,27.0,2.83,0.2,4.76,Chicago
410.0,20.0,Female,6.27,11.9,10.0,4.54,0.11,1.6,Chicago
411.0,29.0,Male,4.45,10.22,10.0,1.98,3.87,4.34,Phoenix
412.0,43.0,Female,7.67,13.33,10.0,1.48,0.67,4.41,New York
413.0,33.0,Female,2.53,1.41,14.0,0.72,2.34,1.75,New York
414.0,54.0,Male,10.88,10.57,26.0,0.76,3.03,0.42,Houston
415.0,39.0,Male,10.12,5.29,25.0,2.16,2.14,3.62,Chicago
416.0,46.0,Male,4.49,12.78,10.0,2.98,0.14,1.56,New York
417.0,31.0,Female,11.48,4.47,13.0,0.4,3.92,3.91,Phoenix
418.0,45.0,Male,10.08,10.42,16.0,4.7,0.05,2.21,Chicago
419.0,22.0,Male,8.33,12.41,10.0,3.78,3.81,2.43,Houston
420.0,47.0,Male,2.34,1.54,26.0,2.93,4.47,3.89,Phoenix
421.0,22.0,Male,6.26,6.17,12.0,4.14,2.16,1.91,Los Angeles
422.0,29.0,Male,6.57,10.91,9.0,0.4,2.68,2.22,Houston
423.0,33.0,Female,3.56,6.91,19.0,2.38,2.38,1.88,Phoenix
424.0,43.0,Female,1.88,4.47,6.0,3.15,1.95,1.84,New York
425.0,43.0,Male,9.54,3.86,15.0,4.14,4.44,2.63,Los Angeles
426.0,38.0,Male,2.34,2.71,6.0,3.92,4.47,4.04,Houston
427.0,56.0,Male,7.54,12.14,7.0,1.39,1.68,1.81,New York
428.0,53.0,Male,11.3,8.48,28.0,4.7,3.08,2.62,Los Angeles
429.0,50.0,Female,10.64,1.99,24.0,0.62,4.63,3.35,Chicago
430.0,47.0,Male,4.06,5.97,6.0,4.38,4.81,1.35,New York
431.0,54.0,Female,10.37,5.78,20.0,4.85,2.54,1.39,Phoenix
432.0,40.0,Female,1.0,3.36,8.0,0.89,2.26,4.67,Houston
433.0,27.0,Male,1.19,6.66,26.0,3.61,1.39,3.62,Los Angeles
434.0,22.0,Female,7.63,5.32,26.0,0.2,4.79,2.89,New York
435.0,53.0,Female,5.01,5.44,25.0,2.03,0.71,3.24,Chicago
436.0,51.0,Female,5.25,10.61,24.0,2.58,2.9,0.15,Houston
437.0,48.0,Female,7.21,3.9,4.0,2.9,1.41,3.09,Houston
438.0,27.0,Male,3.11,9.34,25.0,4.68,1.4,2.55,New York
439.0,36.0,Male,3.33,8.42,13.0,3.36,2.02,2.73,Chicago
440.0,49.0,Female,6.33,8.39,16.0,2.41,4.99,1.8,Los Angeles
441.0,18.0,Male,9.3,9.62,7.0,4.05,0.27,0.41,New York
442.0,22.0,Male,7.81,8.13,8.0,4.75,2.89,0.97,Los Angeles
443.0,21.0,Male,4.27,12.43,12.0,0.11,0.41,4.75,Houston
444.0,33.0,Male,5.73,9.78,10.0,4.91,0.77,2.04,Los Angeles
445.0,41.0,Male,2.88,8.11,16.0,0.43,2.2,2.33,Chicago
446.0,33.0,Female,1.82,11.79,26.0,4.07,2.55,0.26,Phoenix
447.0,19.0,Male,9.61,8.88,5.0,1.4,1.29,0.19,Chicago
448.0,45.0,Male,3.92,4.78,14.0,0.66,1.58,3.59,Los Angeles
449.0,49.0,Male,2.96,3.69,18.0,2.2,0.43,2.69,New York
450.0,44.0,Male,8.61,2.98,25.0,3.22,1.52,2.54,Houston
451.0,37.0,Female,7.8,12.69,19.0,1.9,4.83,1.22,Phoenix
452.0,41.0,Female,7.97,10.23,3.0,0.27,4.72,3.72,New York
453.0,29.0,Female,3.52,13.19,25.0,3.0,1.67,0.84,New York
454.0,52.0,Female,3.56,8.84,12.0,4.51,2.85,0.95,Chicago
455.0,50.0,Male,3.43,7.15,27.0,1.92,4.55,2.3,Los Angeles
456.0,50.0,Female,2.91,1.78,25.0,1.08,0.03,1.43,Chicago
457.0,54.0,Male,8.21,9.73,12.0,2.21,4.05,1.24,Los Angeles
458.0,29.0,Male,10.33,8.57,23.0,0.24,4.74,3.23,Chicago
459.0,20.0,Male,8.97,13.87,26.0,4.1,0.46,3.25,New York
460.0,18.0,Male,9.71,4.11,4.0,4.13,0.81,4.12,Houston
461.0,50.0,Male,5.45,7.9,11.0,2.94,4.8,2.09,Los Angeles
462.0,57.0,Female,8.19,9.46,24.0,1.77,2.69,0.37,Phoenix
463.0,27.0,Female,4.9,9.38,15.0,4.0,0.07,1.37,Phoenix
464.0,46.0,Female,6.78,8.3,27.0,2.77,1.29,4.9,New York
465.0,30.0,Female,6.3,11.1,18.0,4.13,2.25,2.98,Chicago
466.0,29.0,Male,2.95,3.66,20.0,3.16,3.46,3.55,Chicago
467.0,48.0,Female,5.26,10.43,21.0,3.92,3.67,0.04,New York
468.0,19.0,Male,11.6,9.06,14.0,2.99,4.98,2.59,Phoenix
469.0,52.0,Female,3.73,12.65,10.0,2.07,1.44,0.19,Phoenix
470.0,40.0,Male,2.47,12.01,19.0,4.79,2.69,2.85,Chicago
471.0,34.0,Male,5.6,5.1,17.0,2.71,2.67,4.6,Los Angeles
472.0,43.0,Female,9.69,4.59,12.0,3.03,2.03,4.84,Houston
473.0,25.0,Male,7.4,13.76,17.0,1.1,0.85,2.7,Los Angeles
474.0,46.0,Male,8.49,7.85,17.0,3.13,4.89,2.29,Phoenix
475.0,43.0,Female,3.09,12.78,25.0,2.86,4.27,4.73,Los Angeles
476.0,27.0,Male,7.81,3.13,9.0,0.92,2.49,3.37,Houston
477.0,43.0,Female,4.56,9.36,15.0,0.3,3.02,0.32,Los Angeles
478.0,51.0,Female,10.18,11.53,19.0,3.02,1.14,2.33,Los Angeles
479.0,58.0,Female,7.92,13.32,11.0,3.82,2.72,1.2,Los Angeles
480.0,24.0,Male,3.19,5.39,10.0,2.62,3.47,2.35,Los Angeles
481.0,21.0,Male,1.71,10.42,22.0,1.13,2.58,2.28,New York
482.0,28.0,Male,1.47,8.0,28.0,3.33,4.95,2.91,Phoenix
483.0,46.0,Female,5.09,1.79,29.0,0.4,3.06,1.78,Houston
484.0,53.0,Male,3.92,9.97,23.0,2.21,1.85,0.82,Phoenix
485.0,42.0,Female,8.11,9.97,20.0,0.82,3.86,2.52,New York
486.0,38.0,Female,6.49,13.1,15.0,0.92,0.85,4.15,New York
487.0,53.0,Male,3.93,7.47,18.0,1.01,1.92,3.32,New York
488.0,27.0,Female,2.64,3.99,11.0,1.93,1.73,1.69,New York
489.0,54.0,Male,2.4,1.58,14.0,0.26,2.16,4.68,Los Angeles
490.0,26.0,Male,10.51,6.4,14.0,1.99,3.91,4.56,Phoenix
491.0,41.0,Male,3.68,4.92,8.0,2.56,2.42,1.05,Chicago
492.0,52.0,Male,8.17,10.89,21.0,2.42,3.97,0.2,Houston
493.0,52.0,Male,9.92,5.61,9.0,1.91,2.88,3.71,New York
494.0,53.0,Female,7.75,13.34,27.0,4.2,1.71,4.14,Phoenix
495.0,35.0,Female,10.46,13.51,5.0,0.73,4.05,4.84,New York
496.0,56.0,Female,5.32,9.07,18.0,2.53,1.19,4.45,New York
497.0,49.0,Male,11.52,13.07,20.0,0.31,1.12,3.0,New York
498.0,41.0,Male,2.46,10.89,18.0,0.36,2.52,2.65,New York
499.0,40.0,Male,2.12,8.11,25.0,2.87,1.3,0.14,New York
500.0,49.0,Female,8.25,3.34,9.0,2.83,0.05,1.23,Houston
501.0,54.0,Male,11.37,6.96,6.0,4.39,3.24,2.3,Phoenix
502.0,29.0,Female,9.9,8.29,29.0,2.79,2.56,3.14,New York
503.0,30.0,Female,1.84,12.23,27.0,4.8,2.23,2.79,New York
504.0,40.0,Male,4.07,7.26,10.0,0.24,4.83,3.71,New York
505.0,42.0,Male,11.23,12.67,15.0,0.49,2.86,1.4,New York
506.0,52.0,Female,3.78,9.77,15.0,0.22,4.32,2.82,Los Angeles
507.0,58.0,Male,9.59,2.78,19.0,0.93,0.7,0.44,Los Angeles
508.0,47.0,Female,10.08,13.93,19.0,2.71,2.85,2.07,Chicago
509.0,34.0,Male,6.45,7.85,7.0,3.23,4.34,3.75,New York
510.0,37.0,Male,5.25,6.09,8.0,0.23,2.92,3.47,Chicago
511.0,42.0,Female,5.95,9.57,21.0,4.73,3.59,4.95,Houston
512.0,39.0,Male,3.5,2.42,15.0,4.21,1.86,1.39,Chicago
513.0,30.0,Female,10.78,9.28,27.0,1.48,0.46,2.49,Phoenix
514.0,36.0,Male,5.96,7.48,28.0,0.39,2.29,1.65,Los Angeles
515.0,53.0,Female,10.71,6.29,16.0,0.85,1.97,2.2,Los Angeles
516.0,29.0,Female,2.16,13.39,24.0,0.63,4.34,4.28,New York
517.0,58.0,Male,11.87,7.79,6.0,0.62,1.22,3.42,New York
518.0,36.0,Female,5.88,3.85,9.0,2.59,4.83,4.41,Houston
519.0,29.0,Male,1.53,6.97,10.0,1.23,4.79,1.02,Houston
520.0,26.0,Male,1.42,12.95,27.0,1.79,1.24,4.37,Phoenix
521.0,24.0,Male,9.21,3.29,15.0,4.95,1.74,0.3,New York
522.0,45.0,Female,8.25,3.78,29.0,3.42,4.48,4.44,New York
523.0,31.0,Female,9.82,1.17,8.0,4.74,4.83,1.65,Houston
524.0,48.0,Male,2.16,1.18,8.0,0.71,2.22,1.57,Houston
525.0,36.0,Male,1.39,11.78,26.0,1.91,1.6,2.56,Houston
526.0,33.0,Female,6.59,10.52,23.0,2.77,2.63,4.7,Los Angeles
527.0,22.0,Male,5.26,5.62,5.0,0.38,3.44,0.24,Chicago
528.0,52.0,Male,6.08,10.08,5.0,0.02,1.37,1.76,Chicago
529.0,29.0,Female,11.91,6.14,15.0,3.35,3.68,4.28,New York
530.0,42.0,Male,11.68,13.39,24.0,3.21,0.26,1.98,Los Angeles
531.0,38.0,Female,11.37,13.57,4.0,2.05,0.25,1.0,Houston
532.0,53.0,Male,9.62,6.11,18.0,2.45,1.93,2.12,New York
533.0,40.0,Female,4.9,12.1,24.0,2.08,1.77,1.93,Los Angeles
534.0,33.0,Male,5.53,11.05,8.0,0.12,1.58,4.58,Phoenix
535.0,56.0,Male,7.05,5.03,10.0,1.68,2.46,3.81,Los Angeles
536.0,59.0,Female,10.14,4.02,25.0,0.89,1.6,2.53,New York
537.0,56.0,Male,1.76,6.96,10.0,0.49,0.96,4.94,Chicago
538.0,31.0,Female,5.67,11.16,27.0,4.78,1.55,2.33,Houston
539.0,48.0,Male,1.91,13.48,8.0,3.0,4.87,0.29,Phoenix
540.0,22.0,Female,6.66,10.93,16.0,3.64,2.06,1.31,Los Angeles
541.0,52.0,Female,10.89,12.12,5.0,1.58,2.22,2.18,New York
542.0,40.0,Female,9.61,8.84,12.0,1.97,2.88,0.78,New York
543.0,46.0,Female,3.51,11.86,5.0,1.18,4.92,4.74,Houston
544.0,28.0,Male,11.74,11.2,29.0,0.48,1.21,3.83,New York
545.0,35.0,Male,8.34,5.9,14.0,0.9,3.41,1.34,New York
546.0,29.0,Female,1.11,8.18,19.0,3.99,3.58,2.95,Houston
547.0,26.0,Female,3.81,11.46,29.0,3.39,3.04,3.61,Phoenix
548.0,27.0,Female,3.87,1.6,7.0,2.73,0.44,4.71,Chicago
549.0,34.0,Male,1.76,11.51,22.0,2.38,3.38,4.41,Chicago
550.0,55.0,Male,11.56,3.31,27.0,4.61,0.32,2.58,Los Angeles
551.0,24.0,Male,6.26,7.69,11.0,0.36,2.98,3.87,Phoenix
552.0,30.0,Male,10.85,11.51,23.0,1.4,3.7,2.81,Los Angeles
553.0,57.0,Female,4.54,4.3,28.0,1.75,1.05,2.76,Chicago
554.0,59.0,Female,2.38,4.2,22.0,3.91,4.21,0.57,Houston
555.0,26.0,Female,6.22,6.24,9.0,4.96,0.15,0.63,New York
556.0,44.0,Male,2.25,12.63,24.0,1.2,4.22,2.65,Chicago
557.0,19.0,Male,6.35,1.01,6.0,4.37,2.3,1.34,Phoenix
558.0,22.0,Male,11.12,12.72,15.0,4.15,1.09,0.11,Chicago
559.0,46.0,Female,6.73,3.0,15.0,1.12,0.67,3.61,Phoenix
560.0,54.0,Female,7.78,13.87,12.0,2.0,4.77,0.16,Phoenix
561.0,55.0,Male,2.72,13.41,20.0,2.05,0.36,2.98,Phoenix
562.0,36.0,Female,1.48,7.43,19.0,4.89,1.0,2.7,Los Angeles
563.0,25.0,Male,2.22,7.67,22.0,0.9,1.74,4.84,Houston
564.0,18.0,Male,7.58,7.26,22.0,4.0,3.1,2.42,Chicago
565.0,39.0,Female,2.05,9.26,15.0,1.67,2.72,0.32,Houston
566.0,34.0,Male,5.14,2.18,19.0,3.65,0.63,2.76,New York
567.0,24.0,Female,7.05,1.42,24.0,2.1,1.45,4.21,Chicago
568.0,42.0,Male,5.28,1.75,6.0,2.89,1.19,4.98,Houston
569.0,21.0,Female,2.8,6.78,3.0,4.16,1.07,2.15,Houston
570.0,53.0,Female,4.01,4.58,3.0,4.02,2.06,1.6,New York
571.0,23.0,Female,11.21,9.09,17.0,4.33,3.52,4.53,Phoenix
572.0,48.0,Male,8.44,13.9,15.0,0.3,1.09,0.96,Chicago
573.0,36.0,Male,6.46,6.02,19.0,3.46,1.83,3.08,Chicago
574.0,56.0,Female,1.14,8.46,26.0,0.7,1.95,2.03,New York
575.0,44.0,Female,11.92,6.4,28.0,2.08,4.88,0.21,Phoenix
576.0,27.0,Male,8.39,12.01,10.0,2.74,4.77,1.74,Chicago
577.0,43.0,Male,4.49,12.73,20.0,2.01,4.0,1.33,Chicago
578.0,36.0,Male,10.67,12.41,29.0,2.6,1.21,3.43,Chicago
579.0,56.0,Female,3.84,13.67,15.0,4.98,0.34,4.74,Phoenix
580.0,20.0,Male,6.98,1.36,25.0,0.68,1.58,1.34,New York
581.0,30.0,Male,8.0,11.92,16.0,3.38,1.33,4.06,Chicago
582.0,45.0,Female,3.43,10.77,10.0,1.98,2.53,0.28,Houston
583.0,37.0,Male,11.76,3.97,10.0,0.67,3.89,2.69,Phoenix
584.0,45.0,Male,9.23,13.43,29.0,0.79,4.29,0.35,Los Angeles
585.0,25.0,Male,7.14,2.93,28.0,4.75,4.22,4.67,New York
586.0,58.0,Female,2.99,9.83,17.0,4.4,1.8,3.83,Houston
587.0,56.0,Female,1.59,3.92,29.0,4.54,3.44,3.29,Chicago
588.0,18.0,Female,4.52,6.61,15.0,4.96,1.56,4.12,Los Angeles
589.0,20.0,Female,9.29,10.35,9.0,1.04,0.3,3.24,New York
590.0,30.0,Female,3.96,8.32,7.0,1.78,3.51,4.84,Phoenix
591.0,45.0,Female,6.94,6.56,19.0,3.35,0.05,3.57,Los Angeles
592.0,42.0,Female,9.01,5.24,27.0,2.42,2.05,4.62,Los Angeles
593.0,50.0,Male,2.19,11.92,18.0,2.09,1.65,2.59,Houston
594.0,55.0,Male,8.54,2.87,25.0,1.79,3.47,0.59,New York
595.0,23.0,Female,2.01,6.59,4.0,2.97,3.83,2.64,Houston
596.0,49.0,Male,11.62,12.75,24.0,2.88,1.52,0.63,Houston
597.0,38.0,Male,6.37,12.0,20.0,0.81,4.06,2.96,Chicago
598.0,33.0,Female,2.66,6.21,19.0,2.36,1.47,2.41,Phoenix
599.0,38.0,Male,4.77,10.92,9.0,2.77,2.23,3.11,Los Angeles
600.0,28.0,Male,5.55,11.7,15.0,2.85,3.64,0.05,New York
601.0,54.0,Male,9.34,12.56,20.0,1.05,3.46,0.97,Phoenix
602.0,53.0,Male,9.18,8.08,16.0,3.71,4.94,2.46,Phoenix
603.0,52.0,Male,7.73,3.66,20.0,0.13,1.13,4.75,New York
604.0,36.0,Female,2.17,4.32,15.0,1.77,3.31,1.92,Phoenix
605.0,37.0,Female,2.67,4.84,13.0,3.9,3.05,2.12,Chicago
606.0,35.0,Female,2.03,8.72,23.0,2.82,4.58,3.57,Phoenix
607.0,58.0,Male,7.35,1.43,23.0,1.31,0.78,3.02,Chicago
608.0,31.0,Female,10.65,9.27,18.0,3.47,3.76,1.49,Los Angeles
609.0,32.0,Male,5.77,5.74,25.0,2.84,2.84,2.05,Los Angeles
610.0,48.0,Male,2.77,4.84,19.0,3.98,1.37,1.09,Houston
611.0,18.0,Male,7.14,12.43,10.0,3.68,2.37,4.83,Chicago
612.0,20.0,Male,9.93,6.98,21.0,3.05,1.67,0.65,Los Angeles
613.0,33.0,Female,9.16,2.24,22.0,2.44,2.9,1.86,Phoenix
614.0,40.0,Female,10.7,11.75,17.0,0.67,4.45,0.13,New York
615.0,28.0,Male,4.06,1.62,11.0,1.31,2.85,1.11,New York
616.0,29.0,Female,3.13,10.45,22.0,2.1,3.16,3.9,Chicago
617.0,27.0,Male,10.68,11.06,12.0,3.0,2.59,1.01,Houston
618.0,49.0,Female,8.23,5.58,14.0,2.57,0.26,0.4,Phoenix
619.0,33.0,Female,4.42,11.72,23.0,1.44,1.16,2.37,Chicago
620.0,25.0,Male,9.17,7.7,25.0,0.03,2.46,0.05,New York
621.0,55.0,Female,9.97,7.02,22.0,2.48,1.55,0.42,Chicago
622.0,29.0,Male,7.76,1.59,3.0,1.43,0.91,4.04,Phoenix
623.0,41.0,Female,8.57,4.77,27.0,3.67,2.52,3.86,Los Angeles
624.0,45.0,Male,5.13,13.1,22.0,0.12,1.61,4.58,Phoenix
625.0,25.0,Male,6.93,6.09,11.0,2.92,1.29,4.27,Los Angeles
626.0,45.0,Female,6.77,8.11,24.0,4.71,2.32,3.42,Los Angeles
627.0,53.0,Female,10.33,7.92,17.0,0.87,0.67,0.26,Los Angeles
628.0,43.0,Male,10.24,8.68,3.0,2.36,4.64,3.91,Chicago
629.0,25.0,Female,10.16,1.8,14.0,0.46,4.34,4.23,New York
630.0,45.0,Female,1.12,5.71,5.0,3.13,3.54,4.0,Chicago
631.0,45.0,Male,9.25,10.4,13.0,2.75,0.53,2.54,New York
632.0,54.0,Male,9.35,3.61,4.0,2.04,3.88,1.16,Phoenix
633.0,58.0,Female,8.46,3.65,18.0,2.61,4.04,4.23,Houston
634.0,53.0,Male,9.32,1.13,11.0,4.48,3.84,3.64,Phoenix
635.0,44.0,Male,10.26,6.69,17.0,0.98,0.57,4.9,Chicago
636.0,34.0,Male,6.17,12.48,14.0,0.11,3.22,0.78,Chicago
637.0,26.0,Female,6.52,1.67,3.0,4.31,4.17,1.13,New York
638.0,50.0,Female,2.37,3.48,15.0,2.89,2.89,1.06,Chicago
639.0,37.0,Male,5.24,5.03,16.0,4.45,3.23,3.96,Los Angeles
640.0,30.0,Female,8.08,10.51,27.0,2.98,2.29,0.93,Chicago
641.0,45.0,Male,9.58,9.33,27.0,4.05,2.64,0.33,New York
642.0,46.0,Female,3.39,6.41,10.0,2.15,0.17,4.99,New York
643.0,30.0,Male,2.52,10.87,10.0,3.75,3.19,0.12,Los Angeles
644.0,52.0,Male,8.29,8.93,29.0,4.57,0.41,4.18,New York
645.0,23.0,Female,1.02,12.65,14.0,2.86,2.18,1.83,Houston
646.0,35.0,Male,2.96,11.63,3.0,0.9,1.46,4.21,Phoenix
647.0,22.0,Female,1.32,4.29,13.0,1.34,2.73,2.77,Chicago
648.0,42.0,Female,2.84,4.53,10.0,0.99,0.67,4.51,Houston
649.0,19.0,Male,2.99,2.63,12.0,1.23,3.46,4.63,Chicago
650.0,27.0,Male,5.26,5.38,21.0,1.53,3.98,0.05,Houston
651.0,47.0,Female,5.43,13.99,13.0,2.78,0.82,0.38,Chicago
652.0,22.0,Male,10.62,6.27,9.0,2.94,0.52,1.25,Los Angeles
653.0,50.0,Male,6.61,3.87,13.0,2.13,0.73,3.35,New York
654.0,18.0,Male,8.96,10.91,19.0,3.08,4.39,4.44,New York
655.0,35.0,Male,2.15,8.05,3.0,0.41,2.64,2.3,Los Angeles
656.0,49.0,Male,3.48,2.94,28.0,0.44,2.34,3.03,Houston
657.0,28.0,Female,8.73,5.95,23.0,0.86,0.53,0.94,Phoenix
658.0,38.0,Female,1.58,6.39,23.0,2.59,3.25,4.02,Houston
659.0,43.0,Male,6.35,10.8,10.0,1.07,4.34,4.84,New York
660.0,42.0,Male,7.59,1.27,25.0,1.42,4.14,1.34,Phoenix
661.0,39.0,Male,7.62,4.5,26.0,2.0,3.13,2.47,Chicago
662.0,44.0,Female,1.25,7.73,8.0,4.06,0.38,0.43,Phoenix
663.0,30.0,Male,4.54,4.5,24.0,0.07,0.56,2.8,Houston
664.0,50.0,Female,8.0,9.17,20.0,3.25,0.25,2.51,Los Angeles
665.0,51.0,Female,2.64,7.26,8.0,3.34,1.29,0.72,Chicago
666.0,58.0,Female,8.65,5.7,7.0,3.99,0.68,2.21,Houston
667.0,52.0,Male,9.21,13.34,15.0,4.66,1.3,1.67,Chicago
668.0,18.0,Female,11.8,9.22,21.0,0.1,1.93,2.61,Phoenix
669.0,38.0,Male,3.31,2.69,24.0,0.77,4.71,2.93,New York
670.0,23.0,Female,10.08,8.28,10.0,4.43,3.05,0.04,Houston
671.0,45.0,Male,6.72,11.15,11.0,2.29,4.17,3.81,Los Angeles
672.0,34.0,Female,5.11,10.21,19.0,2.82,3.55,3.57,Phoenix
673.0,22.0,Male,2.35,3.24,5.0,3.32,0.56,1.83,Houston
674.0,48.0,Female,9.09,13.64,21.0,3.4,3.68,0.26,Los Angeles
675.0,22.0,Male,3.59,6.83,13.0,4.66,1.38,3.77,Houston
676.0,55.0,Male,5.09,3.07,26.0,4.98,3.2,4.78,Phoenix
677.0,20.0,Male,1.69,3.34,19.0,3.6,1.7,1.2,Houston
678.0,40.0,Male,9.82,2.28,23.0,1.44,4.99,1.62,Chicago
679.0,54.0,Female,9.43,11.45,21.0,4.4,1.32,0.92,Phoenix
680.0,54.0,Female,9.07,2.59,4.0,0.25,1.4,2.88,Houston
681.0,27.0,Male,4.29,2.63,10.0,1.16,4.65,0.77,New York
682.0,27.0,Female,2.91,12.06,21.0,4.49,0.12,1.78,Houston
683.0,36.0,Male,8.01,5.48,9.0,1.28,3.48,3.49,Chicago
684.0,34.0,Male,6.46,1.4,29.0,1.1,3.63,2.8,Los Angeles
685.0,38.0,Female,2.96,1.67,19.0,0.69,4.18,1.93,Los Angeles
686.0,31.0,Male,8.55,2.85,8.0,4.3,4.87,2.1,Los Angeles
687.0,26.0,Male,11.9,3.77,21.0,2.5,4.88,2.81,New York
688.0,18.0,Female,9.22,9.65,26.0,3.37,0.33,0.03,Chicago
689.0,30.0,Male,9.14,3.05,8.0,1.2,4.11,0.39,Phoenix
690.0,21.0,Male,11.45,2.55,4.0,3.79,3.23,4.41,Los Angeles
691.0,18.0,Male,3.23,10.94,8.0,3.8,3.24,0.39,Chicago
692.0,57.0,Male,7.22,9.72,25.0,1.56,0.64,3.53,Houston
693.0,49.0,Female,11.78,6.66,7.0,2.05,3.25,4.6,New York
694.0,51.0,Female,2.82,8.14,21.0,1.05,4.91,1.35,Chicago
695.0,45.0,Female,8.7,5.06,22.0,4.88,4.56,1.85,Chicago
696.0,48.0,Male,7.44,7.27,6.0,3.23,2.2,2.84,Phoenix
697.0,25.0,Male,7.45,7.59,24.0,4.67,0.2,4.41,Chicago
698.0,56.0,Female,8.67,6.03,28.0,1.52,1.81,4.71,Phoenix
699.0,43.0,Male,11.23,12.79,19.0,3.91,4.13,3.7,New York
700.0,51.0,Male,9.61,1.21,13.0,3.83,3.51,0.43,New York
701.0,20.0,Male,1.62,11.17,6.0,3.46,2.3,3.35,Houston
702.0,29.0,Male,10.38,2.62,28.0,4.83,0.28,2.05,Phoenix
703.0,18.0,Female,3.48,11.37,15.0,1.97,2.13,2.35,Phoenix
704.0,22.0,Female,5.15,9.01,22.0,0.65,2.35,0.25,Los Angeles
705.0,47.0,Female,6.08,11.96,28.0,3.36,4.64,0.96,Los Angeles
706.0,47.0,Male,6.29,2.27,19.0,3.65,3.21,3.95,Houston
707.0,34.0,Female,5.79,8.27,11.0,2.88,1.56,2.27,New York
708.0,40.0,Female,11.31,7.51,6.0,1.03,2.63,1.51,Los Angeles
709.0,32.0,Male,8.77,10.18,25.0,2.52,0.33,1.92,Chicago
710.0,54.0,Male,7.94,7.95,16.0,1.56,4.86,4.27,New York
711.0,38.0,Female,1.55,8.03,21.0,2.14,1.8,3.74,Chicago
712.0,31.0,Female,10.94,6.58,28.0,3.23,2.39,1.36,Phoenix
713.0,19.0,Female,11.0,5.01,5.0,3.73,1.78,0.59,New York
714.0,28.0,Female,9.58,7.27,16.0,1.16,3.41,1.26,Houston
715.0,56.0,Male,1.08,2.54,10.0,2.03,3.31,4.6,Phoenix
716.0,55.0,Female,1.63,13.5,26.0,1.35,3.58,2.91,Phoenix
717.0,51.0,Female,3.48,10.29,29.0,0.99,1.34,2.67,Chicago
718.0,55.0,Male,2.44,13.38,3.0,3.92,1.58,2.98,Phoenix
719.0,51.0,Female,5.39,3.95,12.0,4.55,0.63,1.83,Los Angeles
720.0,35.0,Male,11.15,12.43,20.0,1.85,3.28,4.04,New York
721.0,47.0,Male,6.19,11.51,18.0,3.76,0.2,2.62,Los Angeles
722.0,32.0,Male,1.15,9.8,10.0,4.48,2.99,0.58,Chicago
723.0,44.0,Female,4.11,9.13,3.0,4.23,4.35,0.65,Chicago
724.0,51.0,Female,1.49,5.12,14.0,0.91,4.45,2.68,New York
725.0,55.0,Male,1.4,11.61,10.0,4.78,2.25,4.68,Phoenix
726.0,50.0,Female,4.03,7.52,26.0,1.88,2.3,1.54,Houston
727.0,41.0,Female,4.03,1.92,18.0,1.7,0.38,4.35,Chicago
728.0,32.0,Male,9.66,5.07,20.0,0.31,3.35,3.82,New York
729.0,47.0,Male,11.72,13.16,6.0,2.43,4.11,1.24,Houston
730.0,59.0,Female,5.08,12.06,8.0,0.55,1.22,0.18,Phoenix
731.0,34.0,Male,5.72,13.76,14.0,1.24,2.11,0.51,Chicago
732.0,22.0,Female,10.29,9.16,29.0,1.58,4.19,3.64,New York
733.0,46.0,Female,3.95,4.22,11.0,4.04,4.39,1.0,New York
734.0,21.0,Female,2.72,3.12,17.0,4.38,1.22,1.86,New York
735.0,27.0,Female,10.38,3.43,18.0,1.51,2.75,2.51,Chicago
736.0,34.0,Male,1.51,1.26,26.0,4.29,0.96,3.63,Houston
737.0,27.0,Male,7.82,6.08,14.0,4.29,0.51,0.57,New York
738.0,34.0,Male,7.18,3.49,26.0,3.82,4.56,2.03,Phoenix
739.0,37.0,Male,4.81,6.35,25.0,0.73,4.1,2.43,New York
740.0,41.0,Female,4.47,13.15,16.0,3.45,3.8,2.7,Houston
741.0,22.0,Female,9.49,6.6,15.0,4.73,0.24,4.09,Chicago
742.0,51.0,Male,1.95,12.41,27.0,3.41,4.22,0.86,New York
743.0,23.0,Female,3.6,8.87,4.0,1.66,2.19,4.04,New York
744.0,19.0,Female,9.06,4.21,5.0,2.5,1.71,3.46,Phoenix
745.0,30.0,Female,7.03,5.63,28.0,3.23,2.73,2.78,Phoenix
746.0,28.0,Male,2.41,2.09,26.0,2.55,0.46,3.5,New York
747.0,40.0,Male,10.7,5.34,24.0,0.6,3.78,2.06,New York
748.0,33.0,Male,5.33,9.81,12.0,1.56,2.91,0.69,Phoenix
749.0,48.0,Female,10.11,1.94,11.0,4.01,0.93,3.33,Houston
750.0,28.0,Male,9.66,3.67,28.0,4.31,0.94,2.62,Los Angeles
751.0,33.0,Male,7.87,5.96,22.0,0.69,0.92,3.2,Los Angeles
752.0,25.0,Male,6.44,13.77,10.0,4.76,0.29,1.69,New York
753.0,21.0,Male,11.78,11.2,12.0,1.64,2.94,4.53,Phoenix
754.0,57.0,Male,2.59,10.54,21.0,3.31,4.2,2.94,Chicago
755.0,21.0,Male,8.98,2.51,5.0,3.76,0.09,0.43,Chicago
756.0,42.0,Female,3.1,11.15,26.0,4.06,0.25,2.25,Los Angeles
757.0,20.0,Female,4.72,11.21,7.0,4.73,2.86,3.78,Houston
758.0,49.0,Male,4.4,8.81,5.0,1.56,4.1,3.97,Los Angeles
759.0,20.0,Male,11.42,13.87,28.0,4.29,1.63,2.47,New York
760.0,44.0,Female,11.64,5.23,29.0,0.66,1.75,4.47,Houston
761.0,46.0,Female,3.01,13.24,18.0,3.53,2.98,1.34,Chicago
762.0,49.0,Male,1.24,12.89,19.0,3.71,1.37,2.05,Phoenix
763.0,36.0,Male,8.92,1.15,17.0,3.39,0.13,4.49,Phoenix
764.0,38.0,Male,5.6,6.85,5.0,1.26,3.68,4.48,New York
765.0,22.0,Male,1.98,13.7,14.0,4.37,3.13,3.43,Los Angeles
766.0,35.0,Female,8.52,2.34,11.0,0.84,2.9,4.29,New York
767.0,45.0,Male,7.0,8.12,23.0,0.27,3.71,0.44,Phoenix
768.0,59.0,Male,11.79,13.73,14.0,3.59,3.38,4.32,Chicago
769.0,39.0,Male,3.5,8.22,28.0,2.38,1.03,1.6,Phoenix
770.0,38.0,Male,5.44,3.47,17.0,4.25,1.76,0.89,Houston
771.0,23.0,Female,6.97,8.57,4.0,1.92,0.63,1.2,Phoenix
772.0,18.0,Female,9.71,3.66,25.0,0.84,0.65,2.09,Phoenix
773.0,22.0,Female,7.04,7.76,20.0,4.18,3.38,1.26,Houston
774.0,58.0,Male,7.74,1.96,22.0,2.74,4.29,1.6,Los Angeles
775.0,29.0,Male,3.49,8.87,14.0,0.95,4.81,0.67,Phoenix
776.0,43.0,Female,10.32,7.72,25.0,3.6,3.14,1.48,New York
777.0,51.0,Male,5.71,10.62,6.0,2.56,0.92,2.86,Phoenix
778.0,31.0,Male,2.55,9.2,25.0,3.02,0.53,2.21,New York
779.0,43.0,Female,8.31,8.14,18.0,2.3,4.06,1.73,Houston
780.0,44.0,Female,3.38,9.97,25.0,4.14,2.89,3.73,Phoenix
781.0,26.0,Female,2.07,2.87,18.0,4.15,3.09,4.47,Houston
782.0,43.0,Female,10.48,8.74,3.0,3.55,3.91,3.78,Houston
783.0,39.0,Male,6.06,3.24,24.0,0.53,3.52,1.66,Los Angeles
784.0,47.0,Male,9.24,13.03,27.0,4.19,4.17,3.72,Phoenix
785.0,34.0,Female,4.2,1.89,4.0,3.36,0.28,0.76,New York
786.0,43.0,Male,9.66,6.59,5.0,3.49,3.74,0.65,New York
787.0,53.0,Female,2.23,10.05,28.0,1.81,4.25,1.73,Phoenix
788.0,18.0,Female,4.92,6.95,23.0,4.4,1.43,4.04,Los Angeles
789.0,25.0,Male,11.76,2.2,27.0,3.63,3.2,1.23,Los Angeles
790.0,52.0,Female,9.73,8.19,22.0,0.56,1.57,0.32,Los Angeles
791.0,32.0,Male,6.47,9.34,19.0,2.04,4.79,0.66,New York
792.0,39.0,Male,4.74,10.15,22.0,4.43,0.17,4.29,Houston
793.0,31.0,Male,10.59,5.85,24.0,0.24,2.9,3.17,Los Angeles
794.0,43.0,Male,6.99,8.33,23.0,4.81,0.83,1.27,New York
795.0,45.0,Female,9.34,6.86,3.0,3.4,3.56,2.78,New York
796.0,40.0,Male,9.3,9.74,22.0,3.16,0.88,2.64,Houston
797.0,31.0,Female,1.2,8.59,8.0,1.35,1.18,3.28,Phoenix
798.0,41.0,Female,2.39,7.83,17.0,1.24,2.47,1.17,Phoenix
799.0,19.0,Female,8.26,4.24,28.0,4.71,4.57,4.32,Los Angeles
800.0,43.0,Female,2.78,1.03,28.0,1.49,1.06,1.55,Los Angeles
801.0,31.0,Male,3.81,3.26,16.0,3.88,0.72,3.47,Houston
802.0,24.0,Male,11.41,2.52,22.0,1.97,3.79,0.08,Los Angeles
803.0,20.0,Female,7.16,6.84,17.0,0.7,2.5,1.86,Houston
804.0,40.0,Female,9.26,8.96,16.0,0.05,4.56,1.76,New York
805.0,35.0,Male,7.14,3.77,27.0,2.72,0.73,2.72,Los Angeles
806.0,55.0,Female,7.08,13.21,23.0,4.88,3.23,0.36,New York
807.0,52.0,Male,2.04,1.09,26.0,1.85,1.16,3.95,Chicago
808.0,32.0,Female,4.78,11.04,27.0,1.79,0.78,1.09,Houston
809.0,42.0,Male,4.11,9.13,28.0,1.72,3.42,3.39,Chicago
810.0,54.0,Female,5.3,5.86,7.0,2.6,2.97,4.02,Los Angeles
811.0,45.0,Female,9.78,1.66,8.0,2.2,3.77,2.81,New York
812.0,27.0,Male,5.09,9.16,19.0,4.4,1.55,3.7,Los Angeles
813.0,56.0,Female,5.97,6.01,13.0,2.53,2.24,3.31,Chicago
814.0,34.0,Female,5.37,13.17,18.0,2.54,2.03,1.78,Los Angeles
815.0,56.0,Male,2.03,8.05,14.0,0.69,4.92,4.04,Phoenix
816.0,39.0,Female,5.85,13.22,17.0,4.91,1.46,1.47,Chicago
817.0,43.0,Male,3.15,3.87,25.0,1.25,1.47,2.86,Los Angeles
818.0,42.0,Male,3.05,10.43,6.0,0.37,1.77,3.73,New York
819.0,34.0,Female,2.03,9.02,29.0,3.32,2.82,1.89,Los Angeles
820.0,30.0,Female,4.92,10.61,20.0,2.98,1.26,1.51,New York
821.0,37.0,Female,9.33,3.79,23.0,2.08,4.58,2.3,Phoenix
822.0,42.0,Female,4.04,9.64,5.0,2.11,1.33,4.09,Los Angeles
823.0,21.0,Female,4.44,7.47,24.0,3.93,4.48,4.65,Phoenix
824.0,27.0,Female,8.07,10.66,10.0,0.98,0.52,2.73,Chicago
825.0,20.0,Female,3.15,5.25,25.0,4.1,3.28,3.31,New York
826.0,58.0,Male,10.87,12.57,5.0,3.24,4.53,4.52,Chicago
827.0,35.0,Female,6.72,2.1,10.0,2.09,0.84,0.49,New York
828.0,53.0,Male,5.92,11.49,20.0,2.29,4.84,1.16,Phoenix
829.0,39.0,Female,7.14,12.2,12.0,1.28,2.26,3.54,Houston
830.0,51.0,Female,2.83,11.62,27.0,3.76,4.73,4.12,Los Angeles
831.0,25.0,Male,7.75,7.67,22.0,2.56,3.38,4.29,Phoenix
832.0,57.0,Female,4.99,6.7,19.0,1.6,1.51,2.08,New York
833.0,36.0,Female,10.87,13.95,10.0,2.98,0.94,0.45,New York
834.0,59.0,Male,2.86,3.98,25.0,4.98,1.52,2.19,New York
835.0,58.0,Female,6.58,8.11,13.0,2.18,0.47,1.15,New York
836.0,54.0,Female,7.58,9.72,7.0,4.6,0.72,1.46,Los Angeles
837.0,23.0,Female,1.37,10.11,28.0,1.73,0.52,3.86,Chicago
838.0,43.0,Male,5.0,3.65,15.0,0.27,2.11,0.38,Houston
839.0,51.0,Female,9.06,9.5,23.0,1.02,3.98,4.14,Los Angeles
840.0,23.0,Female,10.02,11.64,25.0,2.09,0.71,2.14,New York
841.0,54.0,Female,4.44,1.65,7.0,1.1,0.65,2.98,Los Angeles
842.0,50.0,Female,9.78,12.85,26.0,0.0,3.22,0.45,Phoenix
843.0,39.0,Male,11.65,1.38,29.0,4.58,0.99,1.69,New York
844.0,38.0,Male,10.43,5.63,15.0,4.22,0.49,0.45,Houston
845.0,23.0,Female,2.29,1.21,8.0,3.71,0.83,4.81,New York
846.0,23.0,Female,9.14,2.0,7.0,0.84,4.62,4.04,Houston
847.0,21.0,Male,4.52,12.85,11.0,0.6,4.11,2.3,Houston
848.0,47.0,Male,11.87,5.61,29.0,0.34,1.77,1.12,Chicago
849.0,28.0,Female,6.34,6.52,18.0,3.62,3.28,4.67,Chicago
850.0,47.0,Male,2.35,3.8,4.0,4.64,2.69,1.72,Los Angeles
851.0,48.0,Female,8.98,8.76,3.0,2.15,3.39,0.8,Los Angeles
852.0,41.0,Male,4.55,8.73,10.0,0.6,3.41,2.82,Houston
853.0,26.0,Male,11.97,5.84,21.0,2.56,3.14,4.72,New York
854.0,20.0,Male,11.78,5.33,13.0,1.74,1.33,0.02,Phoenix
855.0,48.0,Male,8.22,12.5,14.0,1.87,0.2,1.19,Phoenix
856.0,57.0,Female,2.43,5.98,14.0,3.11,2.28,4.69,New York
857.0,54.0,Male,8.56,7.42,9.0,3.59,4.45,0.86,New York
858.0,53.0,Male,2.02,4.68,28.0,0.55,2.85,0.57,Chicago
859.0,41.0,Female,1.32,11.23,15.0,0.18,4.16,2.85,Phoenix
860.0,48.0,Male,10.05,6.17,29.0,4.97,4.96,4.31,Houston
861.0,23.0,Male,3.31,7.68,10.0,1.16,0.82,2.39,Los Angeles
862.0,19.0,Female,5.17,4.29,24.0,0.27,3.46,4.97,Chicago
863.0,37.0,Male,11.71,13.84,28.0,0.95,3.37,3.4,Phoenix
864.0,45.0,Female,4.71,4.79,11.0,0.19,4.9,0.37,New York
865.0,28.0,Female,4.26,11.02,9.0,1.96,4.93,4.96,Phoenix
866.0,21.0,Female,11.1,6.56,28.0,4.01,3.43,2.04,Houston
867.0,32.0,Female,2.22,3.68,23.0,1.71,1.22,1.44,Chicago
868.0,23.0,Male,9.36,11.4,26.0,2.22,3.99,2.79,New York
869.0,47.0,Female,11.87,5.34,17.0,3.38,0.54,1.52,Houston
870.0,55.0,Male,10.91,12.25,4.0,2.54,3.9,0.43,Los Angeles
871.0,19.0,Male,8.17,12.9,25.0,4.31,4.55,0.01,Chicago
872.0,32.0,Male,4.45,12.18,22.0,4.33,1.91,2.25,Houston
873.0,28.0,Male,3.8,1.46,27.0,0.05,3.15,4.18,Houston
874.0,25.0,Male,10.01,11.24,14.0,3.89,2.15,2.86,New York
875.0,43.0,Male,10.68,6.35,3.0,2.3,2.19,5.0,Los Angeles
876.0,22.0,Male,6.78,12.36,25.0,4.94,1.55,1.43,Houston
877.0,23.0,Male,3.69,9.29,24.0,2.42,3.81,1.4,Chicago
878.0,43.0,Male,2.24,11.84,10.0,4.93,4.68,0.8,Houston
879.0,21.0,Male,1.96,7.49,7.0,3.77,4.7,0.82,Phoenix
880.0,36.0,Female,8.91,7.96,17.0,1.24,0.87,1.43,Chicago
881.0,37.0,Female,5.62,2.88,3.0,2.69,4.37,3.96,Chicago
882.0,50.0,Female,10.96,11.19,3.0,4.96,3.69,4.53,Houston
883.0,37.0,Male,9.14,6.45,27.0,4.29,1.26,4.88,New York
884.0,29.0,Female,3.1,7.5,12.0,0.49,0.34,1.16,Chicago
885.0,18.0,Female,7.75,11.21,24.0,3.53,1.34,4.41,Phoenix
886.0,43.0,Female,5.79,8.78,12.0,1.73,4.56,1.64,New York
887.0,31.0,Male,7.35,3.61,23.0,0.03,3.17,0.56,New York
888.0,55.0,Male,9.12,8.67,17.0,2.02,3.61,4.35,New York
889.0,54.0,Male,9.87,6.3,19.0,1.17,1.29,3.18,Chicago
890.0,28.0,Male,10.28,7.1,24.0,4.09,3.6,0.82,New York
891.0,53.0,Female,3.79,1.37,8.0,1.69,0.14,2.15,Houston
892.0,30.0,Female,1.34,3.73,5.0,4.14,1.88,1.44,New York
893.0,20.0,Female,9.13,4.65,15.0,0.0,3.13,3.68,Phoenix
894.0,50.0,Female,2.17,10.27,18.0,1.54,0.73,2.27,Los Angeles
895.0,23.0,Male,4.46,1.15,10.0,1.21,4.12,4.95,Phoenix
896.0,27.0,Male,1.04,6.31,17.0,1.17,1.18,0.27,Chicago
897.0,22.0,Male,8.5,13.01,19.0,0.34,3.26,1.78,New York
898.0,40.0,Female,2.84,2.45,19.0,0.94,2.03,2.41,New York
899.0,27.0,Male,8.21,7.71,24.0,2.78,2.98,2.52,Houston
900.0,19.0,Male,11.91,11.22,28.0,1.46,0.54,1.58,New York
901.0,30.0,Female,1.8,13.25,15.0,2.09,0.08,3.65,Phoenix
902.0,57.0,Female,1.85,10.71,19.0,1.88,4.55,4.37,Chicago
903.0,19.0,Male,4.74,10.37,8.0,4.38,1.35,4.69,Los Angeles
904.0,37.0,Male,10.53,11.74,19.0,4.53,4.1,4.03,New York
905.0,18.0,Male,3.37,6.8,18.0,2.46,5.0,4.25,Los Angeles
906.0,54.0,Male,4.96,11.48,16.0,1.65,1.06,2.75,New York
907.0,26.0,Male,1.75,1.1,15.0,0.53,1.33,4.13,Chicago
908.0,34.0,Male,9.39,13.02,8.0,4.77,3.31,1.52,Phoenix
909.0,26.0,Female,5.49,6.76,5.0,0.3,4.83,1.99,Chicago
910.0,28.0,Female,9.35,8.19,16.0,1.49,4.58,1.58,Los Angeles
911.0,32.0,Female,10.94,4.31,16.0,1.49,2.51,2.34,New York
912.0,41.0,Male,3.56,10.65,17.0,1.6,3.98,1.43,Los Angeles
913.0,55.0,Female,9.88,2.0,10.0,0.82,0.68,4.81,Phoenix
914.0,52.0,Male,1.65,12.34,17.0,3.92,4.89,1.56,Chicago
915.0,47.0,Male,10.89,11.77,24.0,0.61,4.82,0.49,Los Angeles
916.0,48.0,Female,8.16,3.81,29.0,3.17,0.82,2.63,Los Angeles
917.0,22.0,Male,10.62,11.52,15.0,0.62,1.5,0.29,Phoenix
918.0,31.0,Male,1.0,11.22,19.0,0.35,0.5,0.55,New York
919.0,28.0,Female,2.86,9.22,23.0,4.55,1.36,1.1,Los Angeles
920.0,26.0,Female,5.29,5.86,26.0,0.95,4.08,2.32,Phoenix
921.0,51.0,Female,5.17,4.53,5.0,4.11,1.89,2.17,New York
922.0,29.0,Male,3.49,4.01,8.0,2.72,0.44,4.0,New York
923.0,52.0,Female,5.2,5.14,7.0,0.39,1.71,3.7,Chicago
924.0,52.0,Female,2.42,12.75,24.0,4.78,4.91,2.13,Phoenix
925.0,18.0,Male,5.54,2.01,28.0,1.23,3.15,1.67,New York
926.0,57.0,Female,9.83,11.78,19.0,4.3,2.08,1.58,Chicago
927.0,39.0,Female,6.27,5.54,25.0,0.84,0.83,3.87,Houston
928.0,46.0,Female,1.2,7.78,27.0,4.27,4.93,0.26,Phoenix
929.0,25.0,Male,5.64,11.33,4.0,0.07,4.1,0.06,Houston
930.0,28.0,Male,1.3,12.5,28.0,2.56,1.41,3.98,New York
931.0,58.0,Male,11.63,5.48,17.0,3.85,0.35,2.39,Phoenix
932.0,54.0,Male,2.4,7.0,7.0,4.67,0.28,0.65,Chicago
933.0,31.0,Female,8.78,6.39,28.0,4.55,0.6,1.18,New York
934.0,47.0,Male,11.7,1.17,22.0,4.1,2.9,4.66,Phoenix
935.0,52.0,Male,10.09,4.85,8.0,4.44,4.64,4.3,Phoenix
936.0,38.0,Female,8.69,6.97,8.0,1.0,2.48,3.55,Houston
937.0,54.0,Female,10.23,6.34,29.0,1.42,4.21,2.41,New York
938.0,22.0,Female,11.8,10.39,20.0,1.44,2.23,2.6,Chicago
939.0,36.0,Male,7.83,6.0,20.0,1.89,3.54,4.88,Chicago
940.0,31.0,Male,7.15,7.36,6.0,1.97,3.66,4.83,New York
941.0,43.0,Male,7.91,6.58,19.0,2.72,0.87,1.08,New York
942.0,21.0,Female,6.86,10.63,27.0,0.8,1.81,4.06,Los Angeles
943.0,42.0,Female,7.99,12.22,16.0,3.46,3.19,0.99,Houston
944.0,59.0,Male,5.95,7.91,16.0,0.84,0.35,1.07,New York
945.0,42.0,Female,3.4,11.26,15.0,1.55,1.81,3.38,New York
946.0,35.0,Female,2.32,4.86,9.0,2.52,2.67,2.03,Los Angeles
947.0,57.0,Female,1.75,8.04,14.0,3.98,4.98,4.66,Los Angeles
948.0,25.0,Male,3.9,5.49,25.0,3.7,2.37,0.45,Phoenix
949.0,56.0,Female,1.51,6.38,17.0,3.23,4.08,2.56,Chicago
950.0,57.0,Female,7.24,10.52,21.0,0.78,2.16,4.59,Houston
951.0,31.0,Male,4.12,12.46,13.0,2.74,3.98,4.52,Phoenix
952.0,49.0,Male,10.07,2.58,17.0,0.44,2.98,0.78,New York
953.0,55.0,Female,1.82,9.25,14.0,1.89,4.43,1.83,Los Angeles
954.0,50.0,Female,3.49,8.57,5.0,2.07,2.05,3.1,Chicago
955.0,40.0,Male,9.03,2.54,19.0,0.2,3.02,0.8,Phoenix
956.0,32.0,Male,7.59,3.75,5.0,1.37,3.15,4.84,Chicago
957.0,50.0,Female,1.71,5.04,21.0,4.78,2.09,4.57,Los Angeles
958.0,42.0,Female,10.65,3.17,22.0,4.77,0.72,0.83,Phoenix
959.0,34.0,Female,10.65,4.17,6.0,1.76,0.47,0.61,Phoenix
960.0,50.0,Female,4.63,4.48,5.0,0.22,0.08,0.43,Chicago
961.0,19.0,Male,4.74,5.36,28.0,0.9,4.37,4.55,Los Angeles
962.0,31.0,Female,11.88,10.74,18.0,1.96,1.18,0.97,New York
963.0,57.0,Female,7.89,8.43,14.0,4.74,1.06,2.08,Phoenix
964.0,57.0,Male,6.84,13.82,10.0,0.71,3.68,2.24,New York
965.0,56.0,Female,10.22,6.39,26.0,3.82,1.6,3.0,Los Angeles
966.0,23.0,Male,4.14,10.8,19.0,0.54,2.53,0.36,Phoenix
967.0,23.0,Female,5.72,12.33,9.0,4.91,0.81,1.13,Phoenix
968.0,20.0,Female,3.95,9.83,13.0,1.91,4.8,4.66,New York
969.0,24.0,Male,9.68,6.35,20.0,3.88,4.26,4.54,Houston
970.0,25.0,Male,7.31,10.8,3.0,1.71,4.32,3.91,New York
971.0,59.0,Female,8.25,3.65,5.0,3.14,2.03,0.1,New York
972.0,32.0,Female,3.78,5.26,6.0,0.96,3.81,1.64,Houston
973.0,46.0,Female,3.42,8.11,15.0,0.73,0.72,3.14,Los Angeles
974.0,50.0,Male,6.37,8.48,8.0,4.69,0.04,1.38,Los Angeles
975.0,47.0,Female,9.11,1.29,28.0,4.59,0.1,4.55,Phoenix
976.0,56.0,Male,6.78,13.29,16.0,4.44,2.93,3.17,Chicago
977.0,44.0,Male,1.36,10.06,7.0,3.13,2.28,0.36,Chicago
978.0,53.0,Female,10.55,7.44,18.0,4.04,2.59,4.55,Phoenix
979.0,46.0,Male,1.71,13.13,17.0,0.35,0.04,4.79,Chicago
980.0,55.0,Female,11.51,6.71,17.0,1.67,2.11,0.39,New York
981.0,50.0,Female,1.28,13.75,6.0,1.57,3.59,2.66,New York
982.0,54.0,Female,8.64,7.66,10.0,3.18,2.21,1.52,Houston
983.0,44.0,Female,1.9,2.49,29.0,1.78,3.66,1.96,Houston
984.0,50.0,Female,11.02,10.94,18.0,0.74,1.17,0.9,Phoenix
985.0,21.0,Male,6.11,9.83,18.0,2.98,4.07,2.89,Phoenix
986.0,39.0,Male,2.51,11.05,6.0,4.07,2.94,4.79,Phoenix
987.0,19.0,Female,4.75,13.37,15.0,1.91,1.05,2.52,New York
988.0,27.0,Female,2.81,11.09,28.0,0.66,1.18,0.41,Chicago
989.0,22.0,Male,2.88,8.95,15.0,0.98,3.14,3.1,Phoenix
990.0,27.0,Male,11.43,12.15,4.0,1.19,4.15,1.7,Phoenix
991.0,50.0,Male,5.9,9.75,5.0,1.5,2.08,4.28,New York
992.0,55.0,Male,9.68,6.31,24.0,3.21,1.29,2.17,New York
993.0,30.0,Female,8.04,12.51,10.0,3.0,4.34,0.96,New York
994.0,48.0,Female,8.44,3.88,26.0,3.48,3.35,0.96,Chicago
995.0,53.0,Male,2.45,10.29,17.0,1.81,2.24,3.84,Phoenix
996.0,41.0,Female,3.58,12.46,13.0,4.12,2.44,1.33,Los Angeles
997.0,32.0,Male,9.65,10.51,11.0,1.02,1.02,3.84,Los Angeles
998.0,46.0,Female,11.68,10.06,9.0,2.35,3.13,1.03,Phoenix
999.0,25.0,Male,3.89,10.78,15.0,4.0,1.79,1.61,Phoenix
1000.0,22.0,Female,3.99,7.05,4.0,0.9,4.98,2.33,Phoenix
